trophic_niche,total_niche_count,urban_niche_count,total_percent_urban
Omnivore,34,27,0.7941176470588235
Frugivore,24,12,0.5
Granivore,10,8,0.8
Scavenger,3,3,1
Vertivore,29,22,0.7586206896551724
Invertivore,69,42,0.6086956521739131
Nectarivore,9,6,0.6666666666666666
Aquatic predator,57,50,0.8771929824561403
Herbivore aquatic,15,14,0.9333333333333333
Herbivore terrestrial,9,4,0.4444444444444444
